{"n_estimators": 4701, "learning_rate": 0.06434039755833895, "max_depth": 10, "min_child_weight": 4.218069280691452, "gamma": 0.006526112584430506, "subsample": 0.7309758961217238, "colsample_bytree": 0.7908471806625494, "reg_alpha": 2.962180040227103e-06, "reg_lambda": 4.111231726100426}