{"iterations": 15897, "learning_rate": 0.05085069088295181, "depth": 6, "l2_leaf_reg": 19.992646093088798, "bagging_temperature": 1.990748602144159, "random_strength": 1.5610493500056912}