{"iterations": 4811, "learning_rate": 0.14574408548396803, "depth": 4, "l2_leaf_reg": 9.391540354733051, "bagging_temperature": 1.0849199697136203, "random_strength": 1.596116313751671}