{"iterations": 19376, "learning_rate": 0.06942817410506019, "depth": 4, "l2_leaf_reg": 4.82548264050277, "bagging_temperature": 1.6799063975572854, "random_strength": 1.5481717755218012}