{"n_estimators": 5723, "learning_rate": 0.04124287478426421, "max_depth": 9, "min_child_weight": 6.2453353543304555, "gamma": 0.001155615916922946, "subsample": 0.8929626716377496, "colsample_bytree": 0.745358757227182, "reg_alpha": 5.470577975736275e-07, "reg_lambda": 9.604926710249039}