{"iterations": 19764, "learning_rate": 0.07349997660601769, "depth": 4, "l2_leaf_reg": 1.2762737433578306, "bagging_temperature": 0.6795764627860789, "random_strength": 1.0198679053336768}