{"n_estimators": 4239, "learning_rate": 0.03665722458424338, "max_depth": 8, "min_child_weight": 7.695071360981153, "gamma": 0.004213436746432098, "subsample": 0.8929626716377496, "colsample_bytree": 0.7385920179421142, "reg_alpha": 1.8395809418028624e-05, "reg_lambda": 1.7406554931804656}