{"iterations": 15767, "learning_rate": 0.05298120444583098, "depth": 4, "l2_leaf_reg": 3.384246690938297, "bagging_temperature": 1.1024522076157697, "random_strength": 1.4041365187284531}