{"iterations": 14731, "learning_rate": 0.08442053065033335, "depth": 4, "l2_leaf_reg": 9.791340346680656, "bagging_temperature": 1.8116548061119244, "random_strength": 1.1978187590844656}