{"iterations": 19395, "learning_rate": 0.020628614517308696, "depth": 4, "l2_leaf_reg": 1.23594967859257, "bagging_temperature": 1.3210852455255353, "random_strength": 0.03391337712732369}