{"n_estimators": 4921, "learning_rate": 0.03981543407928769, "max_depth": 8, "min_child_weight": 7.614063166355005, "gamma": 0.0027149841924692802, "subsample": 0.9656759865689103, "colsample_bytree": 0.7665583624476056, "reg_alpha": 1.8392507135171164e-05, "reg_lambda": 1.8996402325894026}