{"iterations": 18493, "learning_rate": 0.02200069121103792, "depth": 4, "l2_leaf_reg": 10.9573303837816, "bagging_temperature": 1.77684324927868, "random_strength": 0.166175650619018}