{"n_estimators": 4712, "learning_rate": 0.021530519386605884, "num_leaves": 188, "max_depth": 1, "subsample": 0.9534132727065385, "subsample_freq": 5, "colsample_bytree": 0.7662545257586241, "min_child_samples": 24, "min_split_gain": 0.007632165594602586, "reg_alpha": 0.022090624147932263, "reg_lambda": 1.3587191940685985, "tweedie_variance_power": 1.8140961640639328}