{"n_estimators": 3682, "learning_rate": 0.03168692017300871, "max_depth": 4, "min_child_weight": 8.226373067800706, "gamma": 0.0026952238410755183, "subsample": 0.9786571610522863, "colsample_bytree": 0.7806470939175176, "reg_alpha": 7.002528299343474e-06, "reg_lambda": 1.5551825290397652}