{"iterations": 3243, "learning_rate": 0.03143240866876114, "depth": 4, "l2_leaf_reg": 7.955793657358203, "bagging_temperature": 0.47037393494588614, "random_strength": 0.2287528744485119}