{"n_estimators": 6891, "learning_rate": 0.10988816044060337, "max_depth": 3, "min_child_weight": 5.577833537706288, "gamma": 0.011098723885799255, "subsample": 0.8826776551729437, "colsample_bytree": 0.8355172405966508, "reg_alpha": 1.5004774267760301e-06, "reg_lambda": 5.352839318028934}