{"n_estimators": 3907, "learning_rate": 0.030506546664559462, "max_depth": 6, "min_child_weight": 9.545153763596042, "gamma": 0.0016964428080895651, "subsample": 0.9462958132227834, "colsample_bytree": 0.777916591783429, "reg_alpha": 8.597763167275941e-05, "reg_lambda": 0.7803626873272}