{"iterations": 14993, "learning_rate": 0.04313185490609022, "depth": 5, "l2_leaf_reg": 13.056780442464618, "bagging_temperature": 1.693071720996803, "random_strength": 1.6503802406530463}