{"iterations": 5055, "learning_rate": 0.11665333842021763, "depth": 4, "l2_leaf_reg": 2.1915836251140983, "bagging_temperature": 0.8523392345548344, "random_strength": 1.801537012640342}