{"iterations": 12688, "learning_rate": 0.03564450220689791, "depth": 5, "l2_leaf_reg": 5.938356788245147, "bagging_temperature": 0.0350807570524293, "random_strength": 1.7508473667016773}