{"n_estimators": 6393, "learning_rate": 0.12186453235119639, "max_depth": 10, "min_child_weight": 17.945565911797374, "gamma": 0.5667252496400365, "subsample": 0.7479880924385917, "colsample_bytree": 0.9044857404064195, "reg_alpha": 0.000530913746520006, "reg_lambda": 0.40876886290032}