{"iterations": 11670, "learning_rate": 0.054708617024450686, "depth": 4, "l2_leaf_reg": 13.215403656486382, "bagging_temperature": 1.7600584623422142, "random_strength": 1.8501220419381785}