{"iterations": 10078, "learning_rate": 0.047008226061014166, "depth": 4, "l2_leaf_reg": 14.078935894095189, "bagging_temperature": 0.5787270936381221, "random_strength": 1.1418285073318954}