{"n_estimators": 4696, "learning_rate": 0.05012495581675631, "max_depth": 9, "min_child_weight": 2.355049704963401, "gamma": 0.0011476417226281288, "subsample": 0.6342335652715962, "colsample_bytree": 0.9592154586903053, "reg_alpha": 6.456598372785719e-08, "reg_lambda": 0.008489812779145092}