{"iterations": 3758, "learning_rate": 0.12374032184805109, "depth": 4, "l2_leaf_reg": 3.103511517535566, "bagging_temperature": 0.4329715687889052, "random_strength": 1.2445487538028388}