{"iterations": 7136, "learning_rate": 0.02469112274310354, "depth": 4, "l2_leaf_reg": 23.60705056245917, "bagging_temperature": 0.5692990553040422, "random_strength": 0.7981284867477276}