{"iterations": 17305, "learning_rate": 0.026352567142954926, "depth": 4, "l2_leaf_reg": 11.717466930811897, "bagging_temperature": 1.659572932768663, "random_strength": 1.5979682378310855}