{"n_estimators": 6453, "learning_rate": 0.12992885329175047, "max_depth": 10, "min_child_weight": 6.282450483963494, "gamma": 0.001113592545665205, "subsample": 0.7593688451683809, "colsample_bytree": 0.6250221409125549, "reg_alpha": 6.674505393214631e-06, "reg_lambda": 2.4573856398033977}