{"iterations": 3099, "learning_rate": 0.12848454699173234, "depth": 5, "l2_leaf_reg": 8.177687079659394, "bagging_temperature": 1.7664640699400778, "random_strength": 1.8673420986875895}