{"n_estimators": 2082, "learning_rate": 0.10546272374776781, "num_leaves": 491, "max_depth": 1, "subsample": 0.9335459631011622, "subsample_freq": 2, "colsample_bytree": 0.6822083418519146, "min_child_samples": 44, "min_split_gain": 0.10900609099187442, "reg_alpha": 1.399545133479121e-06, "reg_lambda": 15.743407647222407, "tweedie_variance_power": 1.1678670392783268}