{"iterations": 5000, "learning_rate": 0.13217393282386564, "depth": 4, "l2_leaf_reg": 4.626634861704934, "bagging_temperature": 1.084394019060765, "random_strength": 1.4909122292409096}