{"iterations": 13914, "learning_rate": 0.026339793477338422, "depth": 4, "l2_leaf_reg": 1.290670440087075, "bagging_temperature": 0.4643569939623788, "random_strength": 0.2386937901724202}