{"iterations": 16316, "learning_rate": 0.14374346082873687, "depth": 4, "l2_leaf_reg": 2.7754079565168728, "bagging_temperature": 0.0025067012912383616, "random_strength": 1.911110626316507}