{"n_estimators": 4380, "learning_rate": 0.1492712666903565, "max_depth": 8, "min_child_weight": 1.546603903205732, "gamma": 4.559614894862578, "subsample": 0.6273165338347727, "colsample_bytree": 0.91463211176722, "reg_alpha": 4.804941676644783e-06, "reg_lambda": 0.015245711241753408}