{"iterations": 6487, "learning_rate": 0.08717042949320172, "depth": 4, "l2_leaf_reg": 4.189652411445655, "bagging_temperature": 1.7990562558677279, "random_strength": 1.8654918500308724}