{"iterations": 19464, "learning_rate": 0.13819909938669217, "depth": 4, "l2_leaf_reg": 17.575511995457322, "bagging_temperature": 1.3652268868022124, "random_strength": 1.5665239998117164}