{"iterations": 13937, "learning_rate": 0.05080253263653812, "depth": 4, "l2_leaf_reg": 1.7662953850814482, "bagging_temperature": 1.0539142561491328, "random_strength": 1.355734219463562}