{"iterations": 11272, "learning_rate": 0.040415345537993946, "depth": 4, "l2_leaf_reg": 1.085189837871433, "bagging_temperature": 1.3598510287245946, "random_strength": 1.520851762523075}