{"iterations": 14496, "learning_rate": 0.10748547126030936, "depth": 4, "l2_leaf_reg": 2.070517454276214, "bagging_temperature": 0.889946371035205, "random_strength": 1.9999967923030142}