{"iterations": 16423, "learning_rate": 0.048357386991604065, "depth": 4, "l2_leaf_reg": 3.5481990404280648, "bagging_temperature": 1.1309557558638266, "random_strength": 1.2812823705736867}