{"iterations": 10672, "learning_rate": 0.0651216063487218, "depth": 4, "l2_leaf_reg": 5.253660240974434, "bagging_temperature": 1.1524989795346072, "random_strength": 0.001375968715602846}