{"iterations": 11733, "learning_rate": 0.05476594149662115, "depth": 4, "l2_leaf_reg": 7.135602337913287, "bagging_temperature": 0.9707048213010852, "random_strength": 1.5671580421940603}