{"n_estimators": 6433, "learning_rate": 0.0872418719903025, "max_depth": 3, "min_child_weight": 15.883958372395382, "gamma": 0.0017364619677287443, "subsample": 0.7901253650157195, "colsample_bytree": 0.7408975412030453, "reg_alpha": 4.3305098665999944e-05, "reg_lambda": 0.80557483690515}