{"iterations": 19692, "learning_rate": 0.07156096163419516, "depth": 4, "l2_leaf_reg": 1.8141004651125905, "bagging_temperature": 1.2755611532469668, "random_strength": 1.2539670506551097}