{"iterations": 18231, "learning_rate": 0.08365446952016904, "depth": 4, "l2_leaf_reg": 1.0170428794601496, "bagging_temperature": 1.302904341700704, "random_strength": 0.022868342594947407}