{"n_estimators": 7157, "learning_rate": 0.1070425922651238, "max_depth": 11, "min_child_weight": 4.2873946322702885, "gamma": 0.006486292963993128, "subsample": 0.7136732125448184, "colsample_bytree": 0.738880257213465, "reg_alpha": 4.222591971498069e-08, "reg_lambda": 3.524983090622549}