{"iterations": 15310, "learning_rate": 0.07587466895809286, "depth": 4, "l2_leaf_reg": 1.5946521722819875, "bagging_temperature": 1.693071720996803, "random_strength": 1.678029280339462}