{"n_estimators": 5928, "learning_rate": 0.03653854647468992, "max_depth": 7, "min_child_weight": 6.455940242845987, "gamma": 0.0011111479180342877, "subsample": 0.9799669830088416, "colsample_bytree": 0.8065028598406109, "reg_alpha": 2.9504488997876402e-05, "reg_lambda": 1.7142962244395743}