{"iterations": 18476, "learning_rate": 0.04459950795078579, "depth": 4, "l2_leaf_reg": 35.55133749779452, "bagging_temperature": 1.2518632618907721, "random_strength": 0.026589667168267578}