{"n_estimators": 3842, "learning_rate": 0.147855890802167, "max_depth": 5, "min_child_weight": 1.0062090060077047, "gamma": 0.0011569963081757562, "subsample": 0.79928562057244, "colsample_bytree": 0.8184667406334168, "reg_alpha": 6.066280061875096e-07, "reg_lambda": 8.851315458096881}