{"iterations": 9131, "learning_rate": 0.05312103274047224, "depth": 4, "l2_leaf_reg": 12.954575870913104, "bagging_temperature": 0.8381591168398556, "random_strength": 1.853724634451833}