{"iterations": 3709, "learning_rate": 0.09426549951560849, "depth": 4, "l2_leaf_reg": 3.1439409038438626, "bagging_temperature": 1.221828665333758, "random_strength": 1.8260547828412923}