{"iterations": 19878, "learning_rate": 0.07475773353349852, "depth": 4, "l2_leaf_reg": 2.4252681995701053, "bagging_temperature": 1.7383176064326071, "random_strength": 1.7982869131363166}