{"iterations": 15891, "learning_rate": 0.05810350571116513, "depth": 4, "l2_leaf_reg": 1.261889679182344, "bagging_temperature": 1.8977269867493687, "random_strength": 1.6359095000767627}