{"n_estimators": 7690, "learning_rate": 0.08899618832973706, "max_depth": 10, "min_child_weight": 9.927989213462856, "gamma": 0.0011136493456235215, "subsample": 0.9233908511113479, "colsample_bytree": 0.7442036307814957, "reg_alpha": 1.141900489903703e-05, "reg_lambda": 0.63443352210035}