{"iterations": 4682, "learning_rate": 0.026398413240842453, "depth": 4, "l2_leaf_reg": 14.243934621931318, "bagging_temperature": 0.8749381830562639, "random_strength": 1.4549277683749096}