{"iterations": 19972, "learning_rate": 0.020173688421956514, "depth": 4, "l2_leaf_reg": 1.085189837871433, "bagging_temperature": 1.416605925058339, "random_strength": 0.06637129260911445}