{"n_estimators": 6511, "learning_rate": 0.04492754063884317, "max_depth": 7, "min_child_weight": 6.600136991625768, "gamma": 0.0026952238410755183, "subsample": 0.9658495257858546, "colsample_bytree": 0.6558296322167662, "reg_alpha": 1.965470282988487e-05, "reg_lambda": 1.8886763392176071}