{"iterations": 7534, "learning_rate": 0.04677995158364242, "depth": 4, "l2_leaf_reg": 37.938684265116514, "bagging_temperature": 1.8518970790734008, "random_strength": 1.351524808397207}