{"n_estimators": 6284, "learning_rate": 0.054101918018293296, "max_depth": 9, "min_child_weight": 9.065999220057883, "gamma": 0.0011135910086906668, "subsample": 0.9794584011873901, "colsample_bytree": 0.7977660267322237, "reg_alpha": 3.2076481532950572e-06, "reg_lambda": 0.9969445103143335}