{"iterations": 16992, "learning_rate": 0.149221293085296, "depth": 4, "l2_leaf_reg": 1.282500468626036, "bagging_temperature": 0.7318619732954499, "random_strength": 1.5540295716952934}