{"iterations": 13275, "learning_rate": 0.08370227605491355, "depth": 4, "l2_leaf_reg": 2.004280345675782, "bagging_temperature": 1.413943047509918, "random_strength": 1.9305306148768062}