{"iterations": 18032, "learning_rate": 0.11627567111952015, "depth": 4, "l2_leaf_reg": 7.149995124961292, "bagging_temperature": 1.4769626275872807, "random_strength": 1.8469502791589414}