{"iterations": 11432, "learning_rate": 0.14808985771452585, "depth": 4, "l2_leaf_reg": 2.2649415115342677, "bagging_temperature": 0.9468365780301298, "random_strength": 0.12246085052997671}