{"iterations": 13128, "learning_rate": 0.03691805865803966, "depth": 4, "l2_leaf_reg": 9.407067707006634, "bagging_temperature": 1.7855480274362805, "random_strength": 0.9585051553851822}