{"n_estimators": 4523, "learning_rate": 0.04982844962693716, "max_depth": 8, "min_child_weight": 2.316225022010342, "gamma": 0.0013218709375130144, "subsample": 0.6070954243886695, "colsample_bytree": 0.8466426680787017, "reg_alpha": 2.501703666401061e-06, "reg_lambda": 28.165524376538006}