{"iterations": 19944, "learning_rate": 0.024313164248115658, "depth": 4, "l2_leaf_reg": 1.0775973100610767, "bagging_temperature": 1.387717480345267, "random_strength": 0.06260851569016593}