{"n_estimators": 7895, "learning_rate": 0.09458816949913984, "max_depth": 12, "min_child_weight": 1.2840446594344255, "gamma": 0.1412742914065083, "subsample": 0.6350829276676312, "colsample_bytree": 0.8911261894810658, "reg_alpha": 9.874647340430947e-05, "reg_lambda": 12.575584742690534}