{"iterations": 13639, "learning_rate": 0.062461705751528256, "depth": 4, "l2_leaf_reg": 49.61463840470426, "bagging_temperature": 1.6799063975572854, "random_strength": 0.4779162499946026}