{"n_estimators": 6179, "learning_rate": 0.060563944954115594, "max_depth": 7, "min_child_weight": 10.018293146530779, "gamma": 0.015268859823331933, "subsample": 0.9843109492935167, "colsample_bytree": 0.85452029395836, "reg_alpha": 4.6136030952882856e-08, "reg_lambda": 24.708626531927656}