{"iterations": 14382, "learning_rate": 0.039148303173457376, "depth": 4, "l2_leaf_reg": 8.998625206366397, "bagging_temperature": 1.9423655903151573, "random_strength": 1.704399180004835}