{"n_estimators": 3451, "learning_rate": 0.10282379541271913, "num_leaves": 173, "max_depth": 1, "subsample": 0.938153043563416, "subsample_freq": 3, "colsample_bytree": 0.8174267306646237, "min_child_samples": 59, "min_split_gain": 0.0044597371630643035, "reg_alpha": 3.1373480363750065e-05, "reg_lambda": 7.858630618556359}