{"n_estimators": 5204, "learning_rate": 0.08494568703519635, "max_depth": 9, "min_child_weight": 11.924227714303163, "gamma": 0.0011135910057816726, "subsample": 0.9796825930467422, "colsample_bytree": 0.8331733831868169, "reg_alpha": 0.001277215069430666, "reg_lambda": 0.5704952432279413}