{"iterations": 18025, "learning_rate": 0.07967537284799714, "depth": 4, "l2_leaf_reg": 1.2963499411723878, "bagging_temperature": 0.43326990015441635, "random_strength": 0.8005047226151706}