{"n_estimators": 5983, "learning_rate": 0.05030808592515262, "max_depth": 5, "min_child_weight": 7.689356140244665, "gamma": 0.0011135910057816726, "subsample": 0.7734858564381621, "colsample_bytree": 0.7728936053118688, "reg_alpha": 9.318496983775208e-06, "reg_lambda": 3.33629728148821}