{"iterations": 10978, "learning_rate": 0.07839990512551606, "depth": 4, "l2_leaf_reg": 1.2147194119236935, "bagging_temperature": 1.7247964266802573, "random_strength": 1.9977766407021367}