{"iterations": 3647, "learning_rate": 0.03964422403255145, "depth": 4, "l2_leaf_reg": 13.776829379808534, "bagging_temperature": 1.1520158531014775, "random_strength": 0.6166075320722629}