{"n_estimators": 6488, "learning_rate": 0.027255032020646712, "max_depth": 5, "min_child_weight": 4.2873946322702885, "gamma": 0.006485213683793033, "subsample": 0.7091557397947391, "colsample_bytree": 0.8403791989105658, "reg_alpha": 2.7621520941178897e-06, "reg_lambda": 3.524983090622549}