{"iterations": 15979, "learning_rate": 0.06779564134115246, "depth": 4, "l2_leaf_reg": 20.51106690889284, "bagging_temperature": 0.5511793614704547, "random_strength": 1.8599254335559783}