{"iterations": 3337, "learning_rate": 0.05008927697831938, "depth": 4, "l2_leaf_reg": 13.986629986851428, "bagging_temperature": 1.4717841722920053, "random_strength": 0.9825133091275556}