{"iterations": 14696, "learning_rate": 0.10030626025142123, "depth": 4, "l2_leaf_reg": 4.237431913457987, "bagging_temperature": 1.3100462616477797, "random_strength": 1.7749454928180215}