{"n_estimators": 10399, "learning_rate": 0.08183741543720398, "num_leaves": 308, "max_depth": 5, "subsample": 0.8395350195033603, "subsample_freq": 5, "colsample_bytree": 0.7595786209242346, "min_child_samples": 153, "min_split_gain": 0.20899100995523093, "reg_alpha": 0.00014504273738285222, "reg_lambda": 0.17526634741757188, "tweedie_variance_power": 1.1679017813139627}