{"n_estimators": 5548, "learning_rate": 0.05711448171968932, "max_depth": 10, "min_child_weight": 4.9477909172208125, "gamma": 0.0011112850764231547, "subsample": 0.7472795735223522, "colsample_bytree": 0.75166447005238, "reg_alpha": 0.0032837122169494747, "reg_lambda": 0.07480533025252396}