{"iterations": 13398, "learning_rate": 0.13576314044423565, "depth": 4, "l2_leaf_reg": 3.3740719586786363, "bagging_temperature": 1.370565466289149, "random_strength": 1.9279479189024822}