{"n_estimators": 1739, "learning_rate": 0.045846624363679284, "num_leaves": 145, "max_depth": 2, "subsample": 0.9106478764628045, "subsample_freq": 5, "colsample_bytree": 0.8366282749208623, "min_child_samples": 27, "min_split_gain": 0.37042125051193775, "reg_alpha": 0.00019965676558062457, "reg_lambda": 17.96077384702839, "tweedie_variance_power": 1.2912053784039692}