{"iterations": 9943, "learning_rate": 0.0815464139665813, "depth": 4, "l2_leaf_reg": 1.535706315515152, "bagging_temperature": 1.0821328405989763, "random_strength": 1.1418285073318954}