{"iterations": 17437, "learning_rate": 0.1010641499975142, "depth": 4, "l2_leaf_reg": 9.721763794136637, "bagging_temperature": 0.8786696451787825, "random_strength": 1.4211410340121495}