{"n_estimators": 7948, "learning_rate": 0.06284110894917568, "num_leaves": 32, "max_depth": 1, "subsample": 0.9250512688688436, "subsample_freq": 3, "colsample_bytree": 0.9797312587550253, "min_child_samples": 61, "min_split_gain": 0.24426795951670083, "reg_alpha": 0.620937121497044, "reg_lambda": 0.0069691883710054255}