{"iterations": 11136, "learning_rate": 0.08874899164187283, "depth": 5, "l2_leaf_reg": 1.3578985328105198, "bagging_temperature": 1.7379024408978123, "random_strength": 1.6554099188538565}