{"n_estimators": 5492, "learning_rate": 0.04827600156810583, "max_depth": 10, "min_child_weight": 7.634756662841952, "gamma": 0.0011563033479215154, "subsample": 0.9783962071930213, "colsample_bytree": 0.8005365267031929, "reg_alpha": 4.9129030285930396e-08, "reg_lambda": 1.5394188431072087}