{"iterations": 4221, "learning_rate": 0.02200130077350362, "depth": 4, "l2_leaf_reg": 5.540034218205339, "bagging_temperature": 1.6136768772366539, "random_strength": 1.764934497277932}