{"n_estimators": 5580, "learning_rate": 0.050179589417443375, "max_depth": 9, "min_child_weight": 7.114177895639, "gamma": 0.0331870232023288, "subsample": 0.993860589036455, "colsample_bytree": 0.6083593513999667, "reg_alpha": 7.315276474165773e-06, "reg_lambda": 2.6443584053749163}