{"iterations": 13754, "learning_rate": 0.06305025899423407, "depth": 4, "l2_leaf_reg": 1.0733714786710895, "bagging_temperature": 0.47411049158427376, "random_strength": 0.4968370070137189}