{"iterations": 14025, "learning_rate": 0.04768974709014093, "depth": 4, "l2_leaf_reg": 1.1881420017915694, "bagging_temperature": 1.4152483549700363, "random_strength": 0.9498593940847375}