{"n_estimators": 18351, "learning_rate": 0.015199781273384599, "num_leaves": 987, "max_depth": 1, "subsample": 0.6879667669826719, "subsample_freq": 4, "colsample_bytree": 0.9271524065342776, "min_child_samples": 78, "min_split_gain": 0.0793442600583682, "reg_alpha": 3.4841717621525565e-07, "reg_lambda": 26.92304129002308}