{"iterations": 12507, "learning_rate": 0.022079657340156135, "depth": 4, "l2_leaf_reg": 1.195589528231479, "bagging_temperature": 1.317740150604813, "random_strength": 1.7340632020857287}