{"iterations": 18792, "learning_rate": 0.05055605271141116, "depth": 4, "l2_leaf_reg": 13.357311145037588, "bagging_temperature": 1.181560653699163, "random_strength": 1.9533186728817802}