{"iterations": 19907, "learning_rate": 0.02465309566602356, "depth": 4, "l2_leaf_reg": 1.1141658386193574, "bagging_temperature": 1.38459313691866, "random_strength": 0.0630849718025952}