{"n_estimators": 4735, "learning_rate": 0.13954533333972777, "max_depth": 9, "min_child_weight": 6.486656290647343, "gamma": 0.04183742121412988, "subsample": 0.9791553373261995, "colsample_bytree": 0.6403720741500519, "reg_alpha": 1.021525851547868e-08, "reg_lambda": 2.3073585056475676}