{"iterations": 7464, "learning_rate": 0.057652606055913505, "depth": 5, "l2_leaf_reg": 1.6035386157038396, "bagging_temperature": 1.902264810430681, "random_strength": 1.5894677196490243}