{"n_estimators": 5776, "learning_rate": 0.1070425922651238, "max_depth": 8, "min_child_weight": 6.94198421803049, "gamma": 0.006486292963993128, "subsample": 0.9844193327353563, "colsample_bytree": 0.7000244639172232, "reg_alpha": 5.121870124609154e-08, "reg_lambda": 4.485734755242913}