{"iterations": 8883, "learning_rate": 0.0734853477815614, "depth": 4, "l2_leaf_reg": 1.536534059824389, "bagging_temperature": 0.5233001217507577, "random_strength": 1.742875303429795}