{"n_estimators": 4637, "learning_rate": 0.1258074261717615, "max_depth": 5, "min_child_weight": 12.739009165338496, "gamma": 0.006589950415382424, "subsample": 0.8261879820854875, "colsample_bytree": 0.7892808492722647, "reg_alpha": 1.251755241515109e-07, "reg_lambda": 9.88621354916745}