{"iterations": 14730, "learning_rate": 0.02390059919509491, "depth": 4, "l2_leaf_reg": 2.4352274324143917, "bagging_temperature": 1.5482420686535472, "random_strength": 0.7797923835012498}