{"n_estimators": 9171, "learning_rate": 0.014676999905147644, "num_leaves": 143, "max_depth": 5, "subsample": 0.6295922976631272, "subsample_freq": 2, "colsample_bytree": 0.8394115707771139, "min_child_samples": 53, "min_split_gain": 0.31234062302143456, "reg_alpha": 3.810800896192622e-06, "reg_lambda": 0.8040335911063481, "tweedie_variance_power": 1.37672874589645}