{"iterations": 4017, "learning_rate": 0.05395425783238621, "depth": 4, "l2_leaf_reg": 2.2275848733623658, "bagging_temperature": 0.4583395556371124, "random_strength": 0.40140491329364136}