{"iterations": 17753, "learning_rate": 0.02039831792343239, "depth": 4, "l2_leaf_reg": 1.5919813796567381, "bagging_temperature": 1.6440376505236276, "random_strength": 1.1758034335322003}