{"n_estimators": 5104, "learning_rate": 0.04061218790524719, "max_depth": 8, "min_child_weight": 7.680628906739798, "gamma": 0.042201558843910345, "subsample": 0.9994019116082338, "colsample_bytree": 0.762287500742526, "reg_alpha": 1.3161297805097307e-05, "reg_lambda": 2.054220655646717}