{"iterations": 12039, "learning_rate": 0.10192683230395531, "depth": 4, "l2_leaf_reg": 3.660128257784187, "bagging_temperature": 1.6732904175038235, "random_strength": 1.2532556200221583}