{"n_estimators": 4274, "learning_rate": 0.09457525448496135, "num_leaves": 911, "max_depth": 1, "subsample": 0.9998628976933218, "subsample_freq": 6, "colsample_bytree": 0.7753694169838096, "min_child_samples": 10, "min_split_gain": 0.051094537182274774, "reg_alpha": 0.025342679423789094, "reg_lambda": 6.374683341436003, "tweedie_variance_power": 1.4768629993619913}