{"n_estimators": 5195, "learning_rate": 0.045724932503356956, "max_depth": 9, "min_child_weight": 6.874334659929161, "gamma": 0.0026952238410755183, "subsample": 0.9990162550266966, "colsample_bytree": 0.6553186607996104, "reg_alpha": 3.4952401934568676e-06, "reg_lambda": 2.6158905111848068}