{"iterations": 13891, "learning_rate": 0.054487006509476174, "depth": 4, "l2_leaf_reg": 2.7191064386041965, "bagging_temperature": 0.9003761195218682, "random_strength": 1.4612899036341953}