{"iterations": 16234, "learning_rate": 0.08417899753488084, "depth": 4, "l2_leaf_reg": 4.118144410229405, "bagging_temperature": 1.3305358230104094, "random_strength": 0.8346151657747155}