{"n_estimators": 6139, "learning_rate": 0.06436601440584648, "max_depth": 8, "min_child_weight": 2.8863854659759047, "gamma": 0.0016962978686669902, "subsample": 0.9569297524387735, "colsample_bytree": 0.7643559179313743, "reg_alpha": 7.722985143164619e-07, "reg_lambda": 23.467389227178394}