{"iterations": 12892, "learning_rate": 0.04149269358440209, "depth": 4, "l2_leaf_reg": 1.5514013933532207, "bagging_temperature": 1.9473252373344916, "random_strength": 1.9731223078167015}