{"iterations": 4927, "learning_rate": 0.029906204990864393, "depth": 4, "l2_leaf_reg": 1.2933733584144538, "bagging_temperature": 0.9597795688347924, "random_strength": 1.7159189232368266}