{"iterations": 5560, "learning_rate": 0.058922378085679045, "depth": 4, "l2_leaf_reg": 1.2211994041611423, "bagging_temperature": 1.164969847079084, "random_strength": 1.999997068172259}