{"n_estimators": 3388, "learning_rate": 0.1409478386392648, "max_depth": 5, "min_child_weight": 2.793625714079904, "gamma": 0.0017296059979073524, "subsample": 0.6639184919636689, "colsample_bytree": 0.902931544675381, "reg_alpha": 1.0669258512923475e-06, "reg_lambda": 2.9789715217429595}