{"iterations": 3090, "learning_rate": 0.07901832088894876, "depth": 4, "l2_leaf_reg": 2.6694383504024035, "bagging_temperature": 1.1112724855078013, "random_strength": 1.8150505444902219}