{"iterations": 14101, "learning_rate": 0.045817547265977525, "depth": 4, "l2_leaf_reg": 7.3066849257686, "bagging_temperature": 0.04653294119492141, "random_strength": 1.5043984505479964}