{"iterations": 14443, "learning_rate": 0.07863239020520738, "depth": 4, "l2_leaf_reg": 6.588704827346258, "bagging_temperature": 0.9674250125119319, "random_strength": 1.8432194143410752}