{"iterations": 13188, "learning_rate": 0.06084281419397131, "depth": 4, "l2_leaf_reg": 1.416933687762634, "bagging_temperature": 0.8541467012016073, "random_strength": 1.906470144421687}