{"iterations": 15792, "learning_rate": 0.03688788186018726, "depth": 4, "l2_leaf_reg": 7.091106891894649, "bagging_temperature": 1.1410646647271847, "random_strength": 1.8394411134230355}