{"n_estimators": 3885, "learning_rate": 0.03220939547597883, "max_depth": 8, "min_child_weight": 7.744889810854775, "gamma": 0.04398869696179927, "subsample": 0.9903440804793424, "colsample_bytree": 0.7873174420043323, "reg_alpha": 1.8836540563279395e-05, "reg_lambda": 1.4064383259054472}