{"iterations": 9537, "learning_rate": 0.033834372162758815, "depth": 4, "l2_leaf_reg": 1.7916696027804233, "bagging_temperature": 0.7945191009662778, "random_strength": 0.7969869304139381}