{"n_estimators": 7090, "learning_rate": 0.05030808592515262, "max_depth": 7, "min_child_weight": 7.689356140244665, "gamma": 0.0011135910057816726, "subsample": 0.7734858564381621, "colsample_bytree": 0.7728936053118688, "reg_alpha": 3.722537380577045e-06, "reg_lambda": 8.45359217086711}