{"n_estimators": 5709, "learning_rate": 0.07563151401481168, "max_depth": 7, "min_child_weight": 10.115370888208867, "gamma": 0.015112113966311062, "subsample": 0.8293467879114357, "colsample_bytree": 0.7072192589918753, "reg_alpha": 6.656518720738467e-07, "reg_lambda": 5.052739580012193}