{"iterations": 17305, "learning_rate": 0.09591623780865945, "depth": 4, "l2_leaf_reg": 11.717466930811897, "bagging_temperature": 1.7500189419885546, "random_strength": 1.781746498943004}