{"iterations": 8192, "learning_rate": 0.023619431886235345, "depth": 4, "l2_leaf_reg": 43.07631207919542, "bagging_temperature": 0.8301367756554116, "random_strength": 1.8860444156627878}