{"iterations": 4329, "learning_rate": 0.05395157580482857, "depth": 4, "l2_leaf_reg": 14.514804331266086, "bagging_temperature": 0.8087549557937188, "random_strength": 0.9381724493251598}