{"iterations": 9881, "learning_rate": 0.041063381848520604, "depth": 4, "l2_leaf_reg": 3.6518466978914375, "bagging_temperature": 1.5792775752615773, "random_strength": 1.781746498943004}