{"n_estimators": 5630, "learning_rate": 0.023021528070524995, "max_depth": 9, "min_child_weight": 7.695071360981153, "gamma": 0.0011136493613989294, "subsample": 0.7593688451683809, "colsample_bytree": 0.7491508188056738, "reg_alpha": 3.160007352012596e-06, "reg_lambda": 2.4573856398033977}