{"iterations": 13477, "learning_rate": 0.0737176661043681, "depth": 4, "l2_leaf_reg": 1.1139773431277424, "bagging_temperature": 1.4113104664356193, "random_strength": 1.98045245142406}