{"iterations": 5439, "learning_rate": 0.1465073670324585, "depth": 5, "l2_leaf_reg": 1.3494819327238905, "bagging_temperature": 0.8297791523347717, "random_strength": 1.6153741982792371}