{"n_estimators": 4303, "learning_rate": 0.03168692017300871, "max_depth": 8, "min_child_weight": 8.226373067800706, "gamma": 0.0026952238410755183, "subsample": 0.9786571610522863, "colsample_bytree": 0.7806470939175176, "reg_alpha": 1.965470282988487e-05, "reg_lambda": 1.56432519981907}