{"n_estimators": 5088, "learning_rate": 0.07830089568137509, "max_depth": 3, "min_child_weight": 10.695076995705922, "gamma": 0.09241593884757593, "subsample": 0.8102152362188001, "colsample_bytree": 0.8854063276154432, "reg_alpha": 3.8923561007831022, "reg_lambda": 7.5581677882517875}