{"iterations": 9407, "learning_rate": 0.03961985424905807, "depth": 4, "l2_leaf_reg": 3.5572411096380865, "bagging_temperature": 1.1508918731848594, "random_strength": 1.5402452640963125}