{"n_estimators": 4921, "learning_rate": 0.044875739596887586, "max_depth": 8, "min_child_weight": 8.226373067800706, "gamma": 0.0026952238410755183, "subsample": 0.9990162550266966, "colsample_bytree": 0.7722567813978913, "reg_alpha": 4.45948698101162e-06, "reg_lambda": 2.1481510750713553}