{"iterations": 14362, "learning_rate": 0.042661421638696004, "depth": 4, "l2_leaf_reg": 3.0054225438586624, "bagging_temperature": 1.2711304085933346, "random_strength": 1.4634315828439077}