{"n_estimators": 3845, "learning_rate": 0.07440927182524981, "max_depth": 4, "min_child_weight": 5.767182054287229, "gamma": 0.014963718924271042, "subsample": 0.9352606244555333, "colsample_bytree": 0.6493046890902489, "reg_alpha": 4.968082083741052e-05, "reg_lambda": 18.49370451556672}