{"iterations": 16035, "learning_rate": 0.0796089948015075, "depth": 4, "l2_leaf_reg": 8.70193088488462, "bagging_temperature": 0.30804300291742986, "random_strength": 1.5875862999819086}