{"iterations": 14940, "learning_rate": 0.07545164107405967, "depth": 4, "l2_leaf_reg": 11.260885056554278, "bagging_temperature": 1.7025742347926824, "random_strength": 1.75684849260102}