{"iterations": 12967, "learning_rate": 0.0692498061555351, "depth": 6, "l2_leaf_reg": 16.185495892956773, "bagging_temperature": 1.7399185374869324, "random_strength": 1.5361541898592361}